timestamp,name,email
2026-06-09 07:56:01,"田中 八重子","p72km484@hotmail.com"
2026-06-09 08:11:19,"中村 由佳","i3j56@gmail.com"
2026-06-09 08:11:28,"伊藤 空","9mw9nj_i9dkdo@gmail.com"
2026-06-09 08:11:29,"中村 キミ","l7nhm378@yahoo.com"
2026-06-09 08:11:37,"山口 正夫","iuh.kdkkep@gmail.com"
2026-06-09 08:11:32,"木村 竜","nj3n5d88@hotmail.com"
2026-06-09 08:11:38,"山田 友美","prji1c.i9dkdo76@yahoo.com"
2026-06-09 08:14:36,"高橋 優子","l7q.i6nkgn37@hotmail.com"
2026-06-09 08:14:28,"佐藤 義雄","p72oow.i9dn5c@gmail.com"
2026-06-09 08:14:43,"木村 千代","fj0p72_i9dn5c@gmail.com"
2026-06-09 08:14:54,"木村 彩","o44_kfykdo@yahoo.com"
2026-06-09 08:14:56,"木村 大樹","l7qts4_i6nkgn41@gmail.com"
2026-06-09 08:15:06,"吉田 優衣","lmfk2f.k26qg435@hotmail.com"
2026-06-09 08:17:22,"佐々木 マサ","or4j6j.kdkkep@gmail.com"
2026-06-09 08:17:53,"渡辺 陽菜","g6358@gmail.com"
2026-06-09 08:17:57,"清水 麻衣","q1o9hhi1c38@yahoo.com"
2026-06-09 08:18:05,"斎藤 幸雄","k6lfex_fo0qg479@gmail.com"
2026-06-09 08:18:08,"高橋 健一","gg3fkz.gbkqg4@gmail.com"
2026-06-09 08:18:10,"伊藤 菜々子","fvphm2slq_svokdk@gmail.com"
2026-06-09 08:19:45,"伊藤 太陽","9m59nj.i9dgkj@gmail.com"
2026-06-09 08:19:47,"井上 悠斗","ptdu0j_fo0qg4@yahoo.com"
2026-06-09 08:29:21,"伊藤 直子","s.nishimura@gmail.com"
2026-06-09 08:29:22,"鈴木 結月","tatsuya.hayashi91@gmail.com"
2026-06-09 08:29:29,"田中 結菜","nanami.yoshida@gmail.com"
2026-06-09 08:29:36,"吉田 蓮","sachiko_okamoto@gmail.com"
2026-06-09 08:29:42,"木村 心結","maeda_r25@gmail.com"
2026-06-09 08:29:44,"加藤 奈々","saki1073@gmail.com"
2026-06-09 08:32:10,"佐々木 一男","ueda79@gmail.com"
2026-06-09 08:32:11,"佐々木 洋平","matsumoto73@gmail.com"
2026-06-09 08:32:15,"中村 駿","ryo.endo71@gmail.com"
2026-06-09 08:32:18,"山本 静子","okamoto_a29@gmail.com"
2026-06-09 08:32:23,"木村 あゆみ","rmiura@gmail.com"
2026-06-09 08:32:27,"鈴木 和也","taro.fujii@gmail.com"
2026-06-09 08:34:44,"中村 凜","tikeda@gmail.com"
2026-06-09 08:35:08,"高橋 昭子","ikeda.takeshi@gmail.com"
2026-06-09 08:35:10,"山口 遥","ksasaki@gmail.com"
2026-06-10 04:50:13,"中村 凜","shinya.fujii35@gmail.com"
2026-06-10 04:51:24,"佐々木 太一","nishimura.yuki@gmail.com"
2026-06-10 04:52:55,"山田 翔平","masato8348@gmail.com"
2026-06-10 04:53:58,"清水 聡","yamada90@gmail.com"
2026-06-10 04:54:50,"山口 辰雄","satoshi.kobayashi@gmail.com"
2026-06-11 04:01:03,"佐々木 美月","sato80@gmail.com"
2026-06-11 04:02:59,"加藤 遥","manami_saito@gmail.com"
2026-06-11 04:04:43,"高橋 直樹","ogawa.hana@gmail.com"
2026-06-11 04:06:03,"小林 剛","yunamatsumoto@gmail.com"
2026-06-11 04:07:19,"山本 麻衣子","mori73@gmail.com"
2026-06-11 04:48:10,"木村 海翔","hayato.kimura34@gmail.com"
2026-06-11 04:50:21,"佐々木 武","kogawa@gmail.com"
2026-06-11 04:52:14,"山本 颯太","sota1167@gmail.com"
2026-06-11 04:54:12,"山本 莉子","kazuya.hayashi25@gmail.com"
2026-06-11 04:55:58,"林 勝子","satoshi.kobayashi@gmail.com"
2026-06-15 03:54:18,"中村 淳","saitotatsuya@gmail.com"
2026-06-15 03:56:24,"田中 健太","swada@gmail.com"
2026-06-15 03:58:08,"鈴木 颯真","asako.wada@gmail.com"
2026-06-22 05:46:47,"木村 翔平","yoko.mori@gmail.com"
2026-06-22 05:49:07,"林 友美","yuji_wada@gmail.com"
2026-06-22 05:50:48,"小林 正雄","ueda_s44@gmail.com"
2026-06-22 05:52:44,"斎藤 健一","shimizukoji@gmail.com"
2026-06-30 01:58:08,"木村 楓","ryotaokamoto@gmail.com"
2026-06-30 02:00:02,"山田 誠","kawamotoaoi@gmail.com"
2026-06-30 02:02:03,"井上 陽斗","kohei4623@gmail.com"
2026-06-30 02:04:09,"伊藤 玲奈","rina.ishikawa@gmail.com"
2026-06-30 02:06:13,"加藤 湊","sasakiasako@gmail.com"
